Title,Website,Emails
Soundtopia: Worlds Best Himalayan Singing Bowls and ...,https://www.soundtopia.com/?srsltid=AfmBOoqP6wYUs5u0FfmZh1Ooku3_x0lyAZLVkDEXwSwRhbfmSD-Xzw2o,"Info@Soundtopia.com, info@soundtopia.com"
Singing bowls wholesale | Order online | Phoenix,https://www.phoeniximport.com/en/collections/singing-bowls-and-more,
Tibetan Singing Bowls,https://www.dharmashop.com/collections/singing-bowls?srsltid=AfmBOoqOFdTHGsfmv7dCFbJZw1wvTM_XtLPT83FBvvq8diOK8LPOVCL-,
Singing Bowls for Sale,https://singingbowlmuseum.com/product-category/singing-bowls-for-sale/?srsltid=AfmBOormxrgGMBJhjiCL6kntR1zLHypwg_magJYjWI4xCX777RBAWogP,
Bodhisattva Trading Company - Himalayan Singing Bowls,https://bodhisattva.com/?srsltid=AfmBOopP5aLBo7SyWNIOv-lM9EBEqZ7uO-a8AkIY1w910ZeztoQiPjA_,
"I want to buy singing bowls, where to buy?? And next there ...",https://www.facebook.com/groups/235814466274117/posts/381297721725790/,
Best Singing Bowls: Antique & Tibetan Singing Bowls for Sale,https://bestsingingbowls.com/?srsltid=AfmBOoqyj8B39j1GuDDPJUn-lNyV_yFFNZ76XBL7tP7832-15LAj5YG6,
Ultimate Guide For Buying Bronze Singing Bowls | Unlimited ...,https://www.youtube.com/watch?v=p0OCO3-V9bs,
Singing Bowls,https://www.theohmstore.co/collections/singing-bowls,
